checkpoint,residual_factor,precision,recall,f1,reward,residual_norm,delta_residual,delta_action,task_delta_action,qvel,qacc
/root/gpt/pianomime/PPO-Happy_8-42-1780755469.213116_best,0.028,1.0,0.8683655753968255,0.8984479929792432,1392.7619166374207,0.0017944872345954839,0.0007693000793930574,0.05491045461397214,0.05491045461397214,2.313471231540942,4.357975170758449
/root/gpt/pianomime/PPO-Happy_8-42-1780755469.213116_best,0.0285,1.0,0.8700396825396824,0.8998101724664226,1393.4352509975433,0.0018593785741056006,0.0007967412378680668,0.055074708443183636,0.055074708443183636,2.3172205792484952,4.355184718313384
/root/gpt/pianomime/PPO-Happy_8-42-1780755469.213116_best,0.029,1.0,0.8720548115079364,0.9012505723443223,1393.877640247345,0.0019249018444800943,0.000824523484046343,0.055077908554468084,0.055077908554468084,2.309831335782992,4.364352293510367
/root/gpt/pianomime/PPO-Happy_8-42-1780755469.213116_best,0.0295,1.0,0.8750930059523809,0.9044623778998778,1394.2639791965485,0.001991479369583734,0.0008532906391186165,0.05535449646548735,0.05535449646548735,2.3312183712720236,4.404135736898597
/root/gpt/pianomime/PPO-Happy_8-42-1780755469.213116_best,0.03,1.0,0.8775421626984127,0.9066592261904761,1394.631639957428,0.002059451315593227,0.000882375761335652,0.055078524929201685,0.055078524929201685,2.324313720190442,4.389069827088425
/root/gpt/pianomime/PPO-Happy_8-42-1780755469.213116_best,0.0305,0.9991319444444443,0.8740079365079364,0.9036439255189256,1393.6521577835083,0.002128354959192317,0.0009128969253519396,0.055007343010014254,0.055007343010014254,2.31010035513302,4.381561315322251
/root/gpt/pianomime/PPO-Happy_8-42-1780755469.213116_best,0.031,0.9991319444444443,0.8718812003968255,0.9022497467809968,1393.1608455181122,0.0021997315661792527,0.000943779672193538,0.055005020331704506,0.055005020331704506,2.3139667688021937,4.383866098894628
/root/gpt/pianomime/PPO-Happy_8-42-1780755469.213116_best,0.0315,0.9991319444444443,0.8750062003968253,0.9048406021062271,1393.4107372760773,0.0022703306688830103,0.0009749614136183027,0.05514398767249735,0.05514398767249735,2.3261302044420984,4.409214953888341
/root/gpt/pianomime/PPO-Happy_8-42-1780755469.213116_best,0.032,0.9965277777777777,0.8744791666666666,0.9012056953463204,1392.9399800300598,0.0023430914100875575,0.0010065592326213846,0.055818325180636584,0.055818325180636584,2.344392790974078,4.471162946088628
